Medium;probabilities
Jacobin;[0.41659999787807467, 0.11073999926447868, 0.4370400071144104, 0.01581999994814396, 0.01982000023126602]
Junge Freiheit;[0.08369999900460243, 0.15146000310778618, 0.7182799935340881, 0.02570000048726797, 0.0208600003272295]
Junge Welt;[0.16120000183582306, 0.05828000009059906, 0.7482200026512146, 0.014580000005662442, 0.017719999700784684]
Tichys Einblick;[0.49791999757289884, 0.06442000046372413, 0.40344000458717344, 0.014840000309050083, 0.019379999861121176]
nd;[0.5468400061130524, 0.05282000042498112, 0.3641000032424927, 0.014919999986886978, 0.021299999952316285]
tagesschau;[0.2528999984264374, 0.055960001051425935, 0.6553200006484985, 0.015460000187158585, 0.02038000002503395]
taz;[0.30887999981641767, 0.08636000007390976, 0.5729800045490265, 0.014800000004470348, 0.016960000060498713]
